﻿Designator,Quantity,Value,Footprint,Package,MPN,DNP,Mount_Type,Description
"D1, D2, D3, D4, D5, D6, D7, D8",8,MBR0540,D_DO-15_P15.24mm_Horizontal,,,,tht,
J1,1,12V,PinHeader_1x01_P2.54mm_Vertical,,,,tht,"Generic connector, single row, 01x01, script generated"
J2,1,GND,PinHeader_1x01_P2.54mm_Vertical,,,,tht,"Generic connector, single row, 01x01, script generated"
J3,1,GATE INPUT,PinHeader_1x01_P2.54mm_Vertical,,,,tht,"Generic connector, single row, 01x01, script generated"
J4,1,Conn_02x08_Odd_Even,PinHeader_2x08_P2.54mm_Vertical,,,,tht,"Generic connector, double row, 02x08, odd/even pin numbering scheme (row 1 odd numbers, row 2 even numbers), script generated (kicad-library-utils/schlib/autogen/connector/)"
"Q1, Q2, Q3, Q4, Q5, Q6, Q7, Q8",8,Q_NMOS_GDS,TO-220-3_Vertical,,,,tht,
R9,1,220 Ω,R_Axial_DIN0309_L9.0mm_D3.2mm_P15.24mm_Horizontal,,,,tht,
