﻿pos_x,pos_y,rotation,side,designator,mpn,pack,footprint,value,mount_type
62.22,-41.15,0.0,top,D1,,,D_DO-15_P15.24mm_Horizontal,MBR0540,tht
62.22,-48.857143,0.0,top,D2,,,D_DO-15_P15.24mm_Horizontal,MBR0540,tht
62.22,-56.564286,0.0,top,D3,,,D_DO-15_P15.24mm_Horizontal,MBR0540,tht
62.22,-64.271429,0.0,top,D4,,,D_DO-15_P15.24mm_Horizontal,MBR0540,tht
62.22,-71.978571,0.0,top,D5,,,D_DO-15_P15.24mm_Horizontal,MBR0540,tht
62.22,-79.685714,0.0,top,D6,,,D_DO-15_P15.24mm_Horizontal,MBR0540,tht
62.22,-87.392857,0.0,top,D7,,,D_DO-15_P15.24mm_Horizontal,MBR0540,tht
62.22,-95.1,0.0,top,D8,,,D_DO-15_P15.24mm_Horizontal,MBR0540,tht
79.96,-32.1,0.0,top,J1,,,PinHeader_1x01_P2.54mm_Vertical,12V,tht
71.46,-32.1,0.0,top,J2,,,PinHeader_1x01_P2.54mm_Vertical,GND,tht
61.08,-31.7,0.0,top,J3,,,PinHeader_1x01_P2.54mm_Vertical,GATE INPUT,tht
86.5,-31.84,0.0,top,J4,,,PinHeader_2x08_P2.54mm_Vertical,Conn_02x08_Odd_Even,tht
41.0,-40.974636,0.0,top,Q1,,,TO-220-3_Vertical,Q_NMOS_GDS,tht
40.96,-49.133091,0.0,top,Q2,,,TO-220-3_Vertical,Q_NMOS_GDS,tht
40.96,-57.291545,0.0,top,Q3,,,TO-220-3_Vertical,Q_NMOS_GDS,tht
40.96,-65.45,0.0,top,Q4,,,TO-220-3_Vertical,Q_NMOS_GDS,tht
40.96,-73.608455,0.0,top,Q5,,,TO-220-3_Vertical,Q_NMOS_GDS,tht
40.96,-81.76691,0.0,top,Q6,,,TO-220-3_Vertical,Q_NMOS_GDS,tht
40.96,-89.925364,0.0,top,Q7,,,TO-220-3_Vertical,Q_NMOS_GDS,tht
40.96,-98.083819,0.0,top,Q8,,,TO-220-3_Vertical,Q_NMOS_GDS,tht
52.49,-31.7,180.0,top,R9,,,R_Axial_DIN0309_L9.0mm_D3.2mm_P15.24mm_Horizontal,220 Ω,tht
