﻿pos_x,pos_y,rotation,side,designator,mpn,pack,footprint,value,mount_type
135.0,-78.5,-90.0,top,5V1,,,PinHeader_1x01_P1.27mm_Vertical,Conn_01x01_Pin,tht
45.0,-60.632323,-90.0,top,C1,,,CP_Radial_D10.0mm_P5.00mm,10uF,tht
45.0,-73.632323,-90.0,top,C2,,,CP_Radial_D10.0mm_P5.00mm,10uF,tht
59.5,-60.5,-90.0,top,C3,,,CP_Radial_D10.0mm_P5.00mm,10uF,tht
59.5,-73.632323,-90.0,top,C4,,,CP_Radial_D10.0mm_P5.00mm,10uF,tht
74.0,-60.632323,-90.0,top,C5,,,CP_Radial_D10.0mm_P5.00mm,10uF,tht
74.0,-73.132323,-90.0,top,C6,,,CP_Radial_D10.0mm_P5.00mm,10uF,tht
109.0,-56.455112,0.0,top,C7,,,CP_Radial_D5.0mm_P2.00mm,.1uF,tht
109.0,-44.5,0.0,top,C8,,,CP_Radial_D5.0mm_P2.00mm,.1uF,tht
135.0,-92.0,-90.0,top,GND1,,,PinHeader_1x01_P1.27mm_Vertical,Conn_01x01_Pin,tht
134.5,-65.12,180.0,top,J1,,,PinHeader_1x06_P2.54mm_Vertical,Conn_01x06_Pin,tht
134.5,-28.88,0.0,top,J2,,,PinHeader_1x06_P2.54mm_Vertical,Conn_01x06_Pin,tht
45.0,-35.34,-90.0,top,R1,,,R_Axial_DIN0411_L9.9mm_D3.6mm_P20.32mm_Horizontal,15Ω,tht
53.0,-35.34,-90.0,top,R2,,,R_Axial_DIN0411_L9.9mm_D3.6mm_P20.32mm_Horizontal,15Ω,tht
60.5,-35.34,-90.0,top,R3,,,R_Axial_DIN0411_L9.9mm_D3.6mm_P20.32mm_Horizontal,15Ω,tht
68.0,-35.34,-90.0,top,R4,,,R_Axial_DIN0411_L9.9mm_D3.6mm_P20.32mm_Horizontal,15Ω,tht
75.5,-35.34,-90.0,top,R5,,,R_Axial_DIN0411_L9.9mm_D3.6mm_P20.32mm_Horizontal,15Ω,tht
83.0,-35.34,-90.0,top,R6,,,R_Axial_DIN0411_L9.9mm_D3.6mm_P20.32mm_Horizontal,15Ω,tht
108.66,-64.5,180.0,top,R7,,,R_Axial_DIN0411_L9.9mm_D3.6mm_P20.32mm_Horizontal,10KΩ,tht
88.34,-72.62,0.0,top,R8,,,R_Axial_DIN0411_L9.9mm_D3.6mm_P20.32mm_Horizontal,2.2KΩ,tht
92.38,-44.38,0.0,top,U1,,,DIP-8_W7.62mm,NE555P,tht
58.62,-104.04,180.0,top,U2,,,DIP-14_W7.62mm,74HC14,tht
70.5,-92.0,0.0,top,U4,,PDIP-14 Texas Instruments,SN74LS74AN,SN74LS74AN,tht
84.03,-92.58,0.0,top,U5,,PDIP-14 Texas Instruments,SN74LS74AN,SN74LS74AN,tht
95.115,-92.58,0.0,top,U7,,PDIP-14 Texas Instruments,SN74LS74AN,SN74LS74AN,tht
