﻿Designator,Quantity,Value,Footprint,Package,MPN,DNP,Mount_Type,Description,MF,Description_1,Price,SnapEDA_Link,MP,Availability,Check_prices
"5V1, GND1",2,Conn_01x01_Pin,PinHeader_1x01_P1.27mm_Vertical,,,,tht,"Generic connector, single row, 01x01, script generated",,,,,,,
"C1, C2, C3, C4, C5, C6",6,10uF,CP_Radial_D10.0mm_P5.00mm,,,,tht,Polarized capacitor,,,,,,,
"C7, C8",2,.1uF,CP_Radial_D5.0mm_P2.00mm,,,,tht,Polarized capacitor,,,,,,,
"J1, J2",2,Conn_01x06_Pin,PinHeader_1x06_P2.54mm_Vertical,,,,tht,"Generic connector, single row, 01x06, script generated",,,,,,,
"R1, R2, R3, R4, R5, R6",6,15Ω,R_Axial_DIN0411_L9.9mm_D3.6mm_P20.32mm_Horizontal,,,,tht,Resistor,,,,,,,
R7,1,10KΩ,R_Axial_DIN0411_L9.9mm_D3.6mm_P20.32mm_Horizontal,,,,tht,Resistor,,,,,,,
R8,1,2.2KΩ,R_Axial_DIN0411_L9.9mm_D3.6mm_P20.32mm_Horizontal,,,,tht,Resistor,,,,,,,
U1,1,NE555P,DIP-8_W7.62mm,,,,tht,"Precision Timers, 555 compatible,  PDIP-8",,,,,,,
U2,1,74HC14,DIP-14_W7.62mm,,,,tht,Hex inverter schmitt trigger,,,,,,,
"U4, U5, U7",3,SN74LS74AN,SN74LS74AN,PDIP-14 Texas Instruments,,,tht,,Texas Instruments,Dual D-type pos.-edge-triggered flip-flops with preset and clear,None,https://www.snapeda.com/parts/SN74LS74AN/Texas+Instruments/view-part/?ref=snap,SN74LS74AN,In Stock,https://www.snapeda.com/parts/SN74LS74AN/Texas+Instruments/view-part/?ref=eda
